SerialNum,Latitude,Longitude,Height
OC3CL2000086,37.5026605,126.9477157,4.3
OC3CL2000087,37.4843759,126.9477157,5.3
OC3CL2000088,37.4940742,126.9558535,6.3
OC3CL2000089,37.4957957,126.9540341,7.3
OC3CL2000090,37.5049292,126.9388382,8.3
OC3CL200010,37.42877164,127.0160739,3.5
OC3CL200011,37.42201307,127.0242658,4
OC3CL200012,37.54400194,127.0697313,4
OC3CL200013,37.58346942,126.9826224,3
OC3CL200014,37.56357368,126.9845038,3.3
OC3CL200015,37.52338411,127.0224148,3.4
OC3CL200016,37.52588867,127.0391258,3.8
OC3CL200017,37.52411075,127.1286688,4.5
OC3CL200018,37.54688198,127.0416428,3.6
OC3CL200019,37.54026442,126.9937934,3.2
OC3CL200020,37.50127401,127.0263768,3.3
OC3CL200021,37.52553243,127.0282295,4.5
OC3CL200022,37.50309199,127.0498755,3.7
OC3CL200023,37.50359652,127.0515922,3.7
OC3CL200024,37.51839242,127.0234226,3.4
OC3CL200025,37.56003441,126.8258759,3.8
OC3CL200026,37.56668094,126.8261217,3.9
OC3CL200027,37.55904218,126.8360833,3.9
OC3CL200028,37.47915422,126.9537097,3.9
OC3CL200029,37.53768025,127.0852125,4.5
OC3CL200030,37.64583144,127.05039,3.5
OC3CL200031,37.59822113,126.9490369,3
OC3CL200032,37.54529625,127.0435571,3.7
OC3CL200033,37.51214275,127.1043154,3.8
OC3CL200034,37.52591806,126.8635581,4
OC3CL200035,37.6113036,126.917502,3.4
OC3CL200036,37.60514575,126.9235772,2.4
OC3CL200037,37.58142997,126.9846468,4
OC3CL200038,37.58233107,126.983559,3.3
OC3CL200039,37.57878614,127.0071882,2.4
OC3CL200040,37.5777396,127.0080332,3
OC3CL200041,37.56384606,126.9818665,4.5
OC3CL200042,37.56786992,127.0086311,4.1
OC3CL200043,37.56772879,127.0126695,4.1
OC3CL200044,37.56040912,126.978669,3.4
OC3CL200045,37.57782669,126.8133372,2.8
OC3CL200046,37.56053576,126.8547068,3.6
OC3CL200047,37.56160433,126.985559,4.5
OC3CL200048,37.6535602,127.0462197,3.2
OC3CL200049,37.64258575,127.052532,4.4
OC3CL200050,37.66184473,127.0477197,3.3
OC3CL200051,37.64934955,127.0348639,3
OC3CL200052,37.66621365,127.0464686,3.4
OC3CL200053,37.65690709,127.0463949,3.6
OC3CL200054,37.48244974,127.0373399,3.4
OC3CL200055,37.50089183,127.0008701,3.6
OC3CL200056,37.46248315,126.9883535,3.8
OC3CL200057,37.47468281,126.8874063,4.5
OC3CL200058,37.53245995,126.8857541,4.3
OC3CL200059,37.53911722,126.8240324,4.3
OC3CL200060,37.52221023,127.1455199,4.1
OC3CL200061,37.4248203,127.0196764,1.5
OC3CL200062,37.5419464,127.1215875,4.3
OC3CL200063,37.66113377,127.0363947,3.2
OC3CL200064,37.54440989,126.8704137,2.4
OC3CL200065,37.43436316,127.0113356,1.4
OC3CL200066,37.62300566,127.0218915,4.4
OC3CL200067,37.54803257,126.8606334,3.6
OC3CL200068,37.50619475,126.9551335,4.3
OC3CL200069,37.62220907,126.9302785,3.4
OC3CL200070,37.5272027,127.121662,4.4
OC3CL200071,37.55941343,127.1708168,4.2
OC3CL200072,37.55967518,127.1312918,4.3
OC3CL200073,37.49928608,126.9440571,3.8
OC3CL200074,37.54626753,127.1430179,4.8
OC3CL200075,37.50061909,127.0260189,3.7
OC3CL200076,37.48827084,127.0139087,4
OC3CL200077,37.50623299,127.0042288,4
OC3CL200078,37.49793848,127.0268137,4.1
OC3CL200079,37.48573247,126.9833962,3.7
OC3CL200080,37.5566477,127.1448705,4.3
OC3CL200081,37.54514714,127.1275513,4.7
OC3CL200082,37.58013454,126.7999832,3.7
OC3CL200083,37.53182933,127.1496707,4
OC3CL200084,37.54588985,127.12371,4.4
OC3CL200085,37.50205663,127.0154344,2.8
OC3CL200086,37.58116901,126.9321883,4
OC3CL200087,37.55546881,126.8266133,4.1
OC3CL200088,37.66028451,127.0335996,3.5
OC3CL200089,37.65204049,127.0270449,3.6
OC3CL200090,37.52871449,127.1373889,4.6
OC3CL200091,37.54855912,127.170907,4.8
OC3CL200092,37.55888187,127.1356067,4.4
OC3CL200093,37.53821966,127.134581,4.3
OC3CL200094,37.56913389,127.1787659,4.6
OC3CL200095,37.53662302,127.1464696,4.1
OC3CL200096,37.55500134,126.9053084,4
OC3CL200097,37.5423736,127.1437411,4.7
OC3CL200098,37.54961964,127.1579314,4.8
OC3CL200099,37.53062449,127.1284073,4.4
OC3CL200100,37.61999399,127.0437864,2.3
OC3CL200101,37.55048669,127.1395816,4.8
OC3CL200102,37.54742334,127.1312276,4.6
OC3CL200103,37.54049414,127.1482071,4.6
OC3CL200104,37.64061679,127.021637,3.3
OC3CL200105,37.54771228,127.1726824,4.4
OC3CL200106,37.53312245,127.1323931,4.4
OC3CL200107,37.54825641,127.1368244,4.3
OC3CL200108,37.56062598,127.157431,4.4
OC3CL200109,37.5421903,126.8290816,3.8
OC3CL200110,37.55465728,127.1328591,4.5
OC3CL200111,37.52014221,126.8316555,4
OC3CL200112,37.50589814,126.8642202,3.4
OC3CL200113,37.51133256,126.8520614,4.7
OC3CL200114,37.54799097,127.1261418,4.7
OC3CL200115,37.5436034,126.8738447,4.2
OC3CL200116,37.49622929,126.9385648,3.6
OC3CL200117,37.55087372,127.1775763,4.4
OC3CL200118,37.47885234,126.9756084,3.5
OC3CL200119,37.49460854,126.9327849,3.7
OC3CL200120,37.49011052,126.9097343,3.8
OC3CL200121,37.64292463,127.0410278,3.4
OC3CL200122,37.65714093,127.0284523,3.2
OC3CL200123,37.52195425,127.133721,4.5
OC3CL200124,37.65373165,127.0335584,3.5
OC3CL200125,37.66369367,127.0486212,3
OC3CL200126,37.55967397,126.9748398,3
OC3CL200127,37.56027699,126.975354,6
OC3CL200128,37.67501401,127.0426672,3.5
OC3CL200129,37.62331968,127.0460579,3.1
OC3CL200130,37.62523296,127.0138596,3.9
OC3CL200131,37.56320788,127.1723485,4.5
OC3CL200132,37.64400709,127.0039409,4.4
OC3CL200133,37.6146516,127.028974,3.5
OC3CL200134,37.63736615,127.0291526,3.4
OC3CL200135,37.50182482,127.0708615,3.8
OC3CL200136,37.6471793,127.0246187,2.4
OC3CL200137,37.66079952,127.0507561,3.6
OC3CL200138,37.59771864,126.9500063,3.9
OC3CL200139,37.51418744,126.8767166,3.5
OC3CL200140,37.47948708,127.0797096,4.1
OC3CL200141,37.4886613,127.1067158,4.8
OC3CL200142,37.56718217,127.0771395,4.1
OC3CL200143,37.56233608,127.0960647,2.9
OC3CL200144,37.61649398,127.059657,2.9
OC3CL200145,37.63330095,127.0393869,3.2
OC3CL200146,37.57847645,126.9503206,3.3
OC3CL200147,37.59224961,126.9451617,3.4
OC3CL200148,37.57949301,126.9341688,3.1
OC3CL200149,37.58357273,126.910461,3.8
OC3CL200150,37.5771163,126.9036178,3.6
OC3CL200151,37.50999269,126.8546924,4.5
OC3CL200152,37.59563579,126.9156191,3.3
OC3CL200153,37.60164926,126.9614109,4
OC3CL200154,37.60180763,126.98117,3.3
OC3CL200155,37.51637194,127.0208385,2.5
OC3CL200156,37.51889789,127.0286532,4.1
OC3CL200157,37.49238125,127.0945893,4.1
OC3CL200158,37.51939359,127.1393182,4.3
OC3CL200159,37.48581097,126.830672,3.5
OC3CL200160,37.65334887,127.0606327,4.1
OC3CL200161,37.68886228,127.0454035,3.4
OC3CL200162,37.47467186,127.0004762,3.6
OC3CL200163,37.46072485,127.035673,3.6
OC3CL200164,37.56058905,127.0697265,4.5
OC3CL200165,37.4803649,127.1256449,3.8
OC3CL200166,37.5132245,126.867697,4.4
OC3CL200167,37.52259054,126.8888651,3.6
OC3CL200168,37.60039676,126.922413,4.2
OC3CL200169,37.62027046,127.1061538,3.9
OC3CL200170,37.51256716,127.0312446,5
OC3CL200171,37.55869892,127.1443342,3.9
OC3CL200172,37.53273493,126.8463106,3.7
OC3CL200173,37.48248677,126.9141546,3
OC3CL200174,37.48897429,126.906033,3.5
OC3CL200175,37.47950461,127.050789,4
OC3CL200176,37.46507552,127.1069185,3.8
OC3CL200177,37.58870084,126.802494,3.3
OC3CL200178,37.56759287,126.8189344,4.2
OC3CL200179,37.55712905,126.8225904,3.9
OC3CL200180,37.56421468,126.833869,4
OC3CL200181,37.56474481,126.8534306,3.4
OC3CL200182,37.55734709,126.8659034,3.5
OC3CL200183,37.55351048,126.8711211,3.5
OC3CL200184,37.54736269,126.8613494,3.5
OC3CL200185,37.54866094,126.8740316,3.4
OC3CL200186,37.57245123,126.8371703,3.5
OC3CL200187,37.57318498,126.8164742,5.9
OC3CL200188,37.56735274,126.816375,5.9
OC3CL200189,37.47906596,126.9265235,3
OC3CL200190,37.54768518,127.106921,2.4
OC3CL200191,37.49402783,126.8182427,3.3
OC3CL200192,37.48329114,126.8414001,3.6
OC3CL200193,37.48482285,126.9014312,3.6
OC3CL200194,37.56997647,126.9755166,3.8
OC3CL200195,37.60487617,127.0708027,3.8
OC3CL200196,37.58753193,127.0425772,3.7
OC3CL200197,37.5810902,127.0450743,3.8
OC3CL200198,37.60363281,127.0398362,3.5
OC3CL200199,37.59544076,127.036678,3.1
OC3CL200200,37.61101097,127.0049249,3.5
OC3CL200201,37.57086928,127.0048453,4.2
OC3CL200202,37.59427032,127.0741118,3.77
OC3CL200203,37.60016479,127.1119185,3.3
OC3CL200204,37.61414691,126.9101602,4.3
OC3CL200205,37.53677728,127.1287361,3.9
OC3CL200206,37.65341035,127.0737034,3.9
OC3CL200207,37.49495788,127.1241947,4.1
OC3CL200208,37.47981602,127.1353152,4.3
OC3CL200209,37.63440727,126.9152589,3.8
OC3CL200210,37.56938249,126.9784821,5.4
OC3CL200211,37.56921374,126.9821286,5
OC3CL200212,37.56604753,126.9773997,5.5
OC3CL200213,37.68427838,127.0552843,2.9
OC3CL200214,37.58068232,126.9536823,2.3
OC3CL200215,37.59082129,126.9409275,3.2
OC3CL200216,37.54884166,127.0604063,3.7
OC3CL200217,37.54889612,127.0629361,3.8
OC3CL200218,37.56005301,127.0410724,3.9
OC3CL200219,37.5722213,127.0135165,3.2
OC3CL200220,37.57698177,127.0024889,5
OC3CL200221,37.52846761,126.9701563,4.5
OC3CL200222,37.59447493,126.9941895,4.5
OC3CL200223,37.50265195,126.9810508,4
OC3CL200224,37.49975712,126.9910718,4
OC3CL200225,37.60952,127.072813,4.5
OC3CL200227,37.56124567,127.0394969,3
OC3CL200228,37.59116011,126.9430063,3.5
OC3CL200229,37.57294405,126.9555847,2.5
OC3CL210099,37.550423,127.138631,4.5
OC3CL210100,37.549909,127.137305,4.5
OC3CL210101,37.550622,127.140095,4.5
OC3CL210102,37.532029,127.132769,4.5
OC3CL210103,37.541089,127.129889,4.5
OC3CL210104,37.543161,127.131666,4.5
OC3CL210105,37.545103,127.133085,4.5
OC3CL210106,37.545721,127.133549,4.5
OC3CL210107,37.528351,127.130989,4.5
OC3CL210108,37.550701,127.143013,4.5
OC3CL210109,37.546531,127.134149,4.5
OC3CL210110,37.550796,127.141564,4.5
OC3CL210111,37.530749,127.132152,4.5
OC3CL210112,37.549217,127.136581,4.5
OC3CL210113,37.548443,127.135745,4.5
OC3CL210114,37.533958,127.133712,4.5
OC3CL210115,37.525606,127.129661,4.5
V02Q1940043,37.49002864,126.8835537,3.8
V02Q1940044,37.49183115,126.8891554,3.8
V02Q1940045,37.48958795,126.8764395,3.5
V02Q1940046,37.49440262,126.8314721,3.1
V02Q1940047,37.48214478,126.8893389,3.8
V02Q1940049,37.57668991,127.0362773,3.5
V02Q1940050,37.49954171,126.8507733,3.3
V02Q1940051,37.48455732,126.8537096,3.4
V02Q1940052,37.48718079,126.8896263,3.7
V02Q1940053,37.56504075,126.9788859,3.5
V02Q1940054,37.49049118,126.8553777,3.8
V02Q1940055,37.50111379,126.8923967,3.1
V02Q1940056,37.48743033,126.8385274,3.8
V02Q1940057,37.50526429,126.8451274,3.5
V02Q1940058,37.57977525,127.0620252,3.3
V02Q1940059,37.48952988,127.0753463,3.6
V02Q1940060,37.48339724,127.0862339,3
V02Q1940061,37.50527996,126.8746217,3
V02Q1940062,37.54882399,126.8434758,3.5
V02Q1940063,37.51606159,127.0618801,3.6
V02Q1940064,37.61107942,127.0555166,3.9
V02Q1940065,37.50568303,126.8586102,3.7
V02Q1940066,37.56721931,126.8475165,3.3
V02Q1940067,37.4543351,127.0618843,2.9
V02Q1940068,37.4913371,126.9923309,3.7
V02Q1940069,37.54980487,126.8702252,3.6
V02Q1940070,37.48683268,126.8237121,3.9
V02Q1940071,37.53623879,126.8242707,3.2
V02Q1940072,37.55183644,126.8458607,3.8
V02Q1940073,37.49382607,126.8840768,3.7
V02Q1940074,37.52031382,126.8969952,3.7
V02Q1940075,37.66738408,127.0534565,4.2
V02Q1940076,37.62202353,127.0774806,3.6
V02Q1940077,37.49095208,126.8965606,3.4
V02Q1940078,37.54254621,126.8403227,4.1
V02Q1940079,37.49410245,127.0822094,3.4
V02Q1940080,37.51310182,127.0458183,3.8
V02Q1940081,37.57132426,127.0510025,3.9
V02Q1940082,37.49550759,127.0857485,3.6
V02Q1940083,37.49137096,126.8607797,3.7
V02Q1940084,37.57837517,127.0624354,3.8
V02Q1940085,37.56833563,127.0658885,3.4
V02Q1940086,37.49775403,126.8633107,3.7
V02Q1940087,37.61570454,127.0588487,2.9
V02Q1940088,37.56782032,127.0525347,3.6
V02Q1940089,37.59192024,127.0546253,4.4
V02Q1940090,37.49167186,126.8231311,4.5
V02Q1940091,37.656045,127.0437189,3
V02Q1940092,37.57114055,127.0645218,3.8
V02Q1940093,37.57784085,126.818892,3.3
V02Q1940094,37.46682943,127.1088929,3.7
V02Q1940095,37.53291626,126.8683909,3.8
V02Q1940096,37.56298757,127.0595872,3.3
V02Q1940097,37.58522784,127.0655327,3.3
V02Q1940098,37.48676489,127.1018579,4
V02Q1940099,37.5905138,127.0569302,3.6
V02Q1940100,37.49497896,127.0931442,3.5
V02Q1940101,37.57335724,127.0325399,3.5
V02Q1940102,37.48083459,127.0809688,3.8
V02Q1940103,37.57904271,126.8184922,3.4
V02Q1940104,37.55515562,126.858558,3.7
V02Q1940105,37.57287575,126.8151904,3.5
V02Q1940106,37.57758084,127.0471936,4.1
V02Q1940107,37.62077412,127.0123532,3.8
V02Q1940108,37.60344403,127.0655316,3.6
V02Q1940109,37.59078005,127.0671123,3.6
V02Q1940110,37.51829065,126.9329653,3.4
V02Q1940111,37.50929949,126.8783801,4.1
V02Q1940112,37.55650451,127.0711935,4.1
V02Q1940113,37.55450397,126.8741754,3.5
V02Q1940114,37.56929679,126.8427325,4.1
V02Q1940115,37.59804281,127.0655573,3.3
V02Q1940116,37.57554443,127.023874,3.8
V02Q1940117,37.50853713,127.0871417,3.5
V02Q1940118,37.58238909,127.0314924,4.2
V02Q1940119,37.57014257,127.072957,3.6
V02Q1940120,37.57946643,127.0724464,4.2
V02Q1940121,37.49694974,126.8977171,3.7
V02Q1940122,37.58571599,127.0479117,4.1
V02Q1940123,37.49489912,127.0618427,3.6
V02Q1940124,37.55338226,126.8325758,3.6
V02Q1940125,37.56267922,126.8086245,2.9
V02Q1940126,37.57836214,126.8159088,3.3
V02Q1940127,37.53620112,126.9012217,3.5
V02Q1940128,37.67410962,127.0818401,3.5
V02Q1940129,37.49765571,127.0743987,4
V02Q1940130,37.56124878,126.8596643,3.5
V02Q1940131,37.59448521,127.0211958,3.7
V02Q1940132,37.64010401,127.0729861,3.5
V02Q1940133,37.53685591,126.8948496,3.7
V02Q1940134,37.55579789,127.0758197,3.6
V02Q1940135,37.69099122,127.0423735,3.3
V02Q1940136,37.48946749,126.8848394,4.2
V02Q1940137,37.62731949,127.0271506,2.7
V02Q1940138,37.55763712,126.9392536,3.6
V02Q1940139,37.64376606,126.9245654,3.3
V02Q1940140,37.50248471,126.8510405,4.4
V02Q1940141,37.49760629,127.0013841,3.2
V02Q1940142,37.55054502,127.1278725,4.5
V02Q1940143,37.60585332,127.0497384,3.5
V02Q1940144,37.48255634,126.9946044,3.8
V02Q1940145,37.51402419,127.0216812,3.8
V02Q1940146,37.66254305,127.0693112,3.4
V02Q1940147,37.61308658,127.0617154,3.7
V02Q1940148,37.4999898,126.987037,3.6
V02Q1940149,37.48506055,127.044068,3.8
V02Q1940150,37.6441667,127.0606867,3.1
V02Q1940151,37.67916022,127.0520828,3.6
V02Q1940152,37.50653959,127.0457279,3.5
V02Q1940153,37.67980645,127.0630595,3.6
V02Q1940154,37.64215881,127.0698698,3.5
V02Q1940155,37.63240065,127.0509471,3.6
V02Q1940156,37.56667486,127.0455215,3.8
V02Q1940157,37.63164114,127.0674542,3.7
V02Q1940158,37.50280638,126.9904971,3.7
V02Q1940159,37.59769087,127.0728232,3.9
V02Q1940160,37.64791875,127.0124561,2.6
V02Q1940161,37.52634275,127.0374614,3.9
V02Q1940162,37.53059931,126.8405692,3.4
V02Q1940163,37.55938828,126.8098556,3.8
V02Q1940164,37.48858687,127.0679878,3.8
V02Q1940165,37.49689198,126.8437271,4.2
V02Q1940166,37.55785223,126.849018,4
V02Q1940167,37.54481973,126.8358435,4.2
V02Q1940168,37.51493903,126.8969879,2.9
V02Q1940169,37.4965129,126.906686,3.8
V02Q1940170,37.52173841,126.8966833,3.7
V02Q1940171,37.52413002,126.8986049,3.7
V02Q1940172,37.5740326,127.0893262,3.9
V02Q1940173,37.53400973,126.8610668,3.6
V02Q1940174,37.52416526,126.8870815,2.9
V02Q1940175,37.52778814,127.0467992,3.8
V02Q1940176,37.50618001,126.9214383,3.8
V02Q1940177,37.50227825,127.0539647,3.6
V02Q1940178,37.52105313,127.0194561,3.9
V02Q1940179,37.54386703,126.8476199,3.8
V02Q1940180,37.53803771,126.8628336,3.3
V02Q1940181,37.52757708,126.843082,3.5
V02Q1940182,37.53237894,126.8553371,3.5
V02Q1940183,37.64774288,127.0811226,3.8
V02Q1940184,37.51419781,126.909457,3.1
V02Q1940185,37.50965994,126.8961724,3.5
V02Q1940186,37.50914671,126.9109582,3.3
V02Q1940187,37.55295757,126.85136,3.5
V02Q1940188,37.50213873,126.9051679,3.8
V02Q1940189,37.54175046,126.8515917,3.7
V02Q1940190,37.49653097,126.9824168,3.9
V02Q1940191,37.58540801,127.0790205,3.8
V02Q1940192,37.52224273,127.0534516,3.8
V02Q1940193,37.5311064,126.8499429,3.4
V02Q1940194,37.48280186,126.9795311,3.9
V02Q1940195,37.57867312,127.0863244,3.8
V02Q1940196,37.50989238,126.9205341,3.3
V02Q1940197,37.50705874,126.9070917,3.5
V02Q1940198,37.50001275,126.9108075,3.4
V02Q1940199,37.52030939,126.9104414,3.2
V02Q1940200,37.56850197,127.0801045,4.3
V02Q1940201,37.4832649,127.0130872,3.8
V02Q1940202,37.56011938,127.0795379,4.2
V02Q1940203,37.66932206,127.0323156,3.1
V02Q1940204,37.54669635,127.0720365,4.2
V02Q1940205,37.65946582,127.0379952,2.9
V02Q1940206,37.609442,127.0341014,3.7
V02Q1940207,37.61707714,127.0152725,3.4
V02Q1940208,37.61059826,126.9313528,3.4
V02Q1940209,37.55902487,127.0901207,4.4
V02Q1940210,37.66088375,127.0788592,3.8
V02Q1940215,37.6269977,127.0791231,3.9
V02Q1940216,37.65197881,127.0640439,3.5
V02Q1940217,37.51352713,126.9259171,3.8
V02Q1940218,37.60984943,127.076301,3.8
V02Q1940219,37.51165157,126.8957295,2.7
V02Q1940220,37.44953803,126.9147027,2.5
V02Q1940221,37.51891213,126.9077054,3.1
V02Q1940222,37.51828647,126.9105648,4
V02Q1940223,37.51804607,126.893018,3.4
V02Q1940224,37.498641,127.0363378,3.7
V02Q1940225,37.58597736,127.0883832,3.9
V02Q1940226,37.61544877,127.0646091,3.8
V02Q1940231,37.59267959,127.0747779,3.6
V02Q1940232,37.58503293,126.9818759,1
V02Q1940233,37.61355404,127.0814964,3.9
V02Q1940234,37.65816471,127.0684542,3.8
V02Q1940235,37.61254656,127.0734148,3.7
V02Q1940236,37.4881537,127.0394136,3.4
V02Q1940237,37.60508772,127.0997189,3.8
V02Q1940238,37.66475398,127.0633657,3.4
V02Q1940239,37.49344719,127.0569613,3.6
V02Q1940240,37.53206064,126.8317217,3
V02Q1940241,37.59998915,127.0870729,4.1
V02Q1940242,37.63944037,127.0425843,3.8
V02Q1940243,37.59335302,127.0809757,3.9
V02Q1940244,37.53272746,126.8933322,3.7
V02Q1940245,37.6737242,127.0505972,3.1
V02Q1940246,37.49937086,127.0727253,3
V02Q1940247,37.46756391,126.9081023,3.5
V02Q1940248,37.60115106,127.1007979,2.8
V02Q1940249,37.48095824,127.0003298,3.9
V02Q1940250,37.589051,127.0808924,3.9
V02Q1940251,37.52266609,126.8829153,3.8
V02Q1940252,37.57581922,127.0861478,3
V02Q1940253,37.65390832,127.0112019,3.6
V02Q1940254,37.60595357,127.094129,3.1
V02Q1940255,37.59335302,127.0809757,3.9
V02Q1940256,37.54368812,126.8877377,3.8
V02Q1940257,37.6395639,127.0605673,2.9
V02Q1940258,37.562998,127.0284354,3.5
V02Q1940259,37.5339278,126.8637928,4.4
V02Q1940260,37.46485258,126.9398992,3.8
V02Q1940261,37.54980884,127.0497702,3.4
V02Q1940262,37.48342803,126.9494608,3.9
V02Q1940263,37.56087438,127.0627473,3.3
V02Q1940264,37.67118144,127.0451551,4.2
V02Q1940265,37.6395677,127.0350186,3.5
V02Q1940266,37.62510077,127.0734884,3
V02Q1940267,37.65264925,127.0782396,3.9
V02Q1940268,37.50661107,126.9924396,3.3
V02Q1940269,37.47174062,126.9331557,3.9
V02Q1940270,37.54728698,127.0467402,4.1
V02Q1940271,37.56477838,127.1780401,4.2
V02Q1940272,37.47883954,126.9612446,3.6
V02Q1940273,37.51751212,127.0371336,4.9
V02Q1940274,37.50540849,127.0135006,3.9
V02Q1940275,37.68242403,127.0526781,3.2
V02Q1940276,37.58553822,127.0235089,3.8
V02Q1940277,37.59114395,127.0942268,3.5
V02Q1940278,37.5124009,126.9425468,3.8
V02Q1940280,37.56197559,127.0850326,3.5
V02Q1940281,37.66109165,127.0590435,3.9
V02Q1940282,37.5124908,127.0058762,3.3
V02Q1940283,37.58060195,127.0230302,3
V02Q1940284,37.58968413,127.0129202,3.7
V02Q1940285,37.55472248,126.9103629,3.7
V02Q1940286,37.56216619,127.0266823,3.4
V02Q1940287,37.53139333,126.8300752,4.4
V02Q1940288,37.54395677,126.9341213,3.6
V02Q1940289,37.48749956,126.9682384,3.2
V02Q1940290,37.62054243,127.0624632,4
V02Q1940291,37.62131475,127.0695087,3.6
V02Q1940292,37.49084809,126.9819441,3.4
V02Q1940293,37.47640069,127.0484893,4
V02Q1940294,37.54816059,127.0896827,4.1
V02Q1940295,37.50871275,126.9251675,3.9
V02Q1940296,37.51196987,126.9263022,3.9
V02Q1940297,37.49295621,126.9757603,3.5
V02Q1940298,37.67452443,127.0615699,3.3
V02Q1940299,37.62112754,127.083296,3.2
V02Q1940300,37.64378512,127.0194517,3.6
V02Q1940301,37.48911821,126.9805704,3.6
V02Q1940302,37.5595092,126.9718932,3.9
V02Q1940303,37.68923181,127.0467349,3.8
V02Q1940304,37.50407253,126.9518255,2.9
V02Q1940305,37.55314962,127.0805438,3.9
V02Q1940306,37.54244851,127.1257054,4.3
V02Q1940307,37.58537699,127.0954532,3.9
V02Q1940308,37.49412567,126.9868537,3.8
V02Q1940309,37.49373877,127.0423742,3.5
V02Q1940310,37.47984859,126.9854018,3.8
V02Q1940311,37.60067531,127.0819374,3.7
V02Q1940312,37.52282125,126.8584353,3.7
V02Q1940313,37.48553586,127.0874273,3.2
V02Q1940314,37.61856124,127.0228038,3.6
V02Q1940315,37.48391615,127.0575965,3.3
V02Q1940316,37.50479368,126.9407833,4
V02Q1940317,37.60263144,126.930629,3.3
V02Q1940318,37.50809775,126.9375878,2.9
V02Q1940319,37.50119264,126.9369607,3.8
V02Q1940320,37.64976759,127.0198914,3.3
V02Q1940321,37.54946832,127.1463394,3.1
V02Q1940322,37.59917241,127.0360274,3.4
V02Q1940323,37.64925173,127.0461124,3.7
V02Q1940324,37.65153612,127.0306318,3.2
V02Q1940325,37.68923847,127.0418795,3.8
V02Q1940326,37.61408672,126.919837,3.3
V02Q1940327,37.54225653,127.0851136,3.2
V02Q1940328,37.6033482,127.0293756,4.4
V02Q1940329,37.68050607,127.0445926,3.2
V02Q1940330,37.62778821,127.0193507,2.9
V02Q1940331,37.65050658,127.0334227,3.6
V02Q1940332,37.59765044,126.9120209,3
V02Q1940333,37.6260814,126.9277105,3.2
V02Q1940334,37.66563906,127.0400687,3.6
V02Q1940335,37.60774203,127.0413403,3.6
V02Q1940336,37.61179964,126.909853,3.9
V02Q1940337,37.59890825,126.9203089,3
V02Q1940338,37.66090623,127.0234002,3.6
V02Q1940339,37.62346645,126.9169061,3.5
V02Q1940340,37.6255552,127.027215,3.4
V02Q1940341,37.60413569,126.9147653,3.7
V02Q1940342,37.64807136,127.0290801,3.2
V02Q1940343,37.6187081,126.9165915,3
V02Q1940344,37.60580033,127.0255563,3.3
V02Q1940345,37.64917094,127.0352845,3.4
V02Q1940346,37.53438349,126.8379965,3.3
V02Q1940347,37.58442752,126.9052244,3.5
V02Q1940348,37.46022502,127.0172225,3.1
V02Q1940349,37.53976817,127.129658,3.3
V02Q1940350,37.55481129,127.1501862,3.8
V02Q1940351,37.59105394,127.0030069,4
V02Q1940352,37.55362615,127.168193,3.5
V02Q1940353,37.54651241,127.1525938,3.9
V02Q1940354,37.5347172,127.1299797,3.7
V02Q1940355,37.56074258,127.1642891,4.2
V02Q1940356,37.50454947,126.9674184,4.4
V02Q1940357,37.50376595,126.9609584,3.3
V02Q1940358,37.63898356,126.9188614,3.8
V02Q1940359,37.54651703,127.14731,4.2
V02Q1940360,37.5568473,127.151357,3.8
V02Q1940361,37.59797947,127.0107858,4.3
V02Q1940362,37.60337797,127.0241721,3.7
V02Q1940363,37.58137532,126.9343273,3.6
V02Q1940364,37.5166462,126.8628645,4.1
V02Q1940367,37.55439478,127.0200998,3.4
V02Q1940368,37.48326071,127.0349794,3
V02Q1940369,37.47432254,126.9024197,3.9
V02Q1940370,37.61961313,126.9321312,4
V02Q1940371,37.54667759,127.1034537,3.5
V02Q1940372,37.55406687,127.1278126,3.7
V02Q1940373,37.58993857,126.9172919,4.7
V02Q1940374,37.46431817,126.8972355,3.9
V02Q1940375,37.49171276,126.9248262,3
V02Q1940376,37.54530451,127.136675,4.4
V02Q1940377,37.59483691,126.9245487,3.2
V02Q1940378,37.63115555,127.016796,2.8
V02Q1940379,37.61420241,127.0436659,3.2
V02Q1940380,37.47160463,127.0409436,3.5
V02Q1940381,37.60160929,127.016721,3.6
V02Q1940382,37.48206626,126.969679,3.8
V02Q1940383,37.53328566,127.0656475,3.9
V02Q1940384,37.48591285,126.975187,3.5
V02Q1940385,37.57780973,126.9052856,3.3
V02Q1940386,37.61589809,127.0341603,3.2
V02Q1940387,37.54005404,127.0709793,3.9
V02Q1940388,37.6040284,127.009922,3.1
V02Q1940389,37.49774248,126.9238296,3.8
V02Q1940390,37.65472878,127.047743,3.5
V02Q1940391,37.5286168,127.0851212,3.9
V02Q1940392,37.53828664,127.0923968,3.8
V02Q1940393,37.53348826,127.0730061,3.8
V02Q1940394,37.63213319,127.0380993,3.7
V02Q1940395,37.5389107,126.829309,4.1
V02Q1940396,37.48874836,127.0067934,3.4
V02Q1940397,37.48773341,126.9646505,3.8
V02Q1940398,37.46737119,127.0347894,3.2
V02Q1940399,37.49139149,127.0127403,3.5
V02Q1940400,37.48927413,127.0178868,3.2
V02Q1940401,37.61320381,127.0074603,3.7
V02Q1940402,37.49130895,127.0268046,2.7
V02Q1940403,37.53430907,127.0819856,4.1
V02Q1940404,37.65320724,127.0523294,3.7
V02Q1940405,37.46857802,126.8925761,4.1
V02Q1940406,37.60939292,127.004355,3.7
V02Q1940407,37.45844386,126.8950891,3.9
V02Q1940408,37.55738865,127.1300576,3.4
V02Q1940409,37.63809491,127.0237698,2.7
V02Q1940410,37.53321895,127.1417954,3.9
V02Q1940411,37.53387824,127.091521,4.1
V02Q1940412,37.6002927,126.945827,3.7
V02Q1940413,37.5246553,126.8444487,3.5
V02Q1940414,37.62596558,127.0461778,3
V02Q1940415,37.60394387,127.0357469,3.9
V02Q1940416,37.54776822,127.0863736,3.5
V02Q1940417,37.52595923,127.1324933,3.5
V02Q1940418,37.60987793,127.0175342,3.3
V02Q1940419,37.59570201,127.0241817,3.9
V02Q1940420,37.49921389,126.9312596,4
V02Q1940421,37.5630601,127.1784268,3.9
V02Q1940422,37.56757695,126.9464658,3.2
V02Q1940423,37.47660064,126.9826391,3.4
V02Q1940424,37.5101986,126.8589874,3.7
V02Q1940425,37.486421,126.9330533,2.8
V02Q1940426,37.56802912,126.9073195,3.2
V02Q1940427,37.49974349,127.0168013,3.1
V02Q1940428,37.47580636,126.8929078,4.7
V02Q1940429,37.64201094,127.0110328,3.4
V02Q1940430,37.5358158,127.1246859,3.8
V02Q1940431,37.63638945,127.0339636,3.2
V02Q1940432,37.48657654,126.9100534,4.5
V02Q1940433,37.49145971,127.0101664,3.4
V02Q1940434,37.53219906,127.1480905,3.9
V02Q1940435,37.58351322,126.8942569,2.7
V02Q1940436,37.56057566,126.9796444,3.3
V02Q1940437,37.55459762,127.1398279,4.4
V02Q1940438,37.56239638,126.9705198,4
V02Q1940439,37.55989095,126.9174751,3.4
V02Q1940440,37.48169168,126.927561,3.7
V02Q1940441,37.55837233,127.0376945,4.1
V02Q1940442,37.55753805,126.9029616,4
V02Q1940443,37.52068417,126.8738043,4.2
V02Q1940444,37.4886003,126.9326409,3.4
V02Q1940445,37.48039207,126.9323552,3.2
V02Q1940446,37.48043211,126.9532678,3.4
V02Q1940447,37.52427347,126.8314064,3.6
V02Q1940448,37.63075938,127.0235503,3.6
V02Q1940449,37.55579118,126.9059871,3.9
V02Q1940450,37.56548077,126.9177741,3.5
V02Q1940451,37.56349354,126.9061479,3.6
V02Q1940452,37.47889253,126.9444627,3.5
V02Q1940453,37.53263479,126.8714464,4.2
V02Q1940454,37.56101387,127.0590525,4.4
V02Q1940455,37.54277585,126.881433,4.3
V02Q1940456,37.54310205,126.9426921,3.2
V02Q1940457,37.47319485,126.931912,3.1
V02Q1940458,37.47642155,126.9577757,3.7
V02Q1940459,37.56451061,126.9116219,3.7
V02Q1940460,37.54888424,127.0425475,4.2
V02Q1940461,37.54354866,126.9300676,3
V02Q1940462,37.48937978,126.9223696,4.4
V02Q1940463,37.57993688,126.9075224,3.4
V02Q1940464,37.52032974,126.835739,3.4
V02Q1940465,37.46851957,126.9400472,3.8
V02Q1940466,37.56339663,126.9270326,3.5
V02Q1940467,37.56348852,126.9091021,3.6
V02Q1940468,37.48432967,126.9594576,3.2
V02Q1940469,37.51062672,126.8433947,3.9
V02Q1940470,37.57800993,126.9350323,3.8
V02Q1940471,37.56108668,126.8988012,3.6
V02Q1940472,37.51450508,126.8414257,3.9
V02Q1940473,37.55680966,127.0199202,3.8
V02Q1940474,37.46879478,126.8937982,4.5
V02Q1940475,37.61398913,126.9065555,3.3
V02Q1940476,37.59234803,126.9065632,3.4
V02Q1940477,37.6620208,127.0110858,2.7
V02Q1940478,37.53956346,127.1459335,3.9
V02Q1940479,37.46764732,126.9074964,3.5
V02Q1940480,37.53971711,126.8816875,4.1
V02Q1940481,37.52408281,126.8546531,3.5
V02Q1940482,37.55148976,127.1330982,3.8
V02Q1940483,37.46309492,126.9039678,3.7
V02Q1940484,37.46802677,126.9021912,3.6
V02Q1940485,37.59923312,126.9163873,4.7
V02Q1940486,37.46670274,126.890697,3.5
V02Q1940487,37.55886948,126.9590045,3.3
V02Q1940488,37.5821592,126.9394633,3.8
V02Q1940489,37.53077062,126.8645921,3.9
V02Q1940490,37.545534,126.9410961,3.6
V02Q1940491,37.568251,127.048139,4.3
V02Q1940492,37.52818658,126.8601068,3.5
V02Q1940493,37.48706543,126.9420381,3.5
V02Q1940494,37.58744695,126.9445206,3.7
V02Q1940495,37.46145538,126.8900188,3.7
V02Q1940496,37.53877565,127.0597607,3.8
V02Q1940497,37.5383121,126.9478368,3.2
V02Q1940498,37.56078213,126.9955455,4
V02Q1940499,37.57496003,126.9702723,3.7
V02Q1940500,37.56155266,127.0187487,3.3
V02Q1940501,37.55200342,127.0363244,4.4
V02Q1940502,37.54081481,127.049564,4
V02Q1940503,37.55401067,127.0688982,4
V02Q1940504,37.55905889,127.0289608,4.2
V02Q1940505,37.51723048,127.1438239,4.3
V02Q1940506,37.53508967,127.0932207,3.7
V02Q1940507,37.53127747,127.1232713,3.6
V02Q1940508,37.55818846,126.9643308,3.9
V02Q1940509,37.58674357,126.9473291,3.5
V02Q1940510,37.49267131,126.9452685,3.9
V02Q1940511,37.55265508,127.0290322,4.2
V02Q1940512,37.47556168,126.9348911,3.5
V02Q1940513,37.49417976,127.1549914,4
V02Q1940514,37.59197867,126.9517166,4
V02Q1940515,37.50174862,126.8507697,4.2
V02Q1940516,37.56506052,126.9543342,4.6
V02Q1940517,37.48248622,126.9264971,3.2
V02Q1940518,37.51508377,127.0138565,3.5
V02Q1940519,37.54719218,126.9344074,3.2
V02Q1940520,37.57822552,126.9232322,3.9
V02Q1940521,37.5487627,126.925523,3.2
V02Q1940522,37.57707481,127.0123665,3.7
V02Q1940523,37.52568799,126.9992422,3.3
V02Q1940524,37.55435463,126.9681312,3.4
V02Q1940525,37.54226566,126.9607602,3.4
V02Q1940526,37.54698492,127.0215794,4.1
V02Q1940527,37.56898584,127.0218832,3
V02Q1940528,37.55530763,126.9470009,3.6
V02Q1940529,37.5594009,127.0204385,3.2
V02Q1940530,37.54214419,127.0477518,4.1
V02Q1940531,37.55488942,126.9362371,3.9
V02Q1940532,37.47072788,126.9217951,3.5
V02Q1940533,37.48305759,126.9079688,3.3
V02Q1940534,37.55572217,126.9402897,3.6
V02Q1940535,37.55049329,126.9362759,3.3
V02Q1940536,37.56356092,126.9972196,4
V02Q1940537,37.47564681,126.952494,3.7
V02Q1940538,37.48627768,126.936066,3.6
V02Q1940539,37.57692043,127.0045137,3.7
V02Q1940540,37.56531098,126.9844918,3.3
V02Q1940541,37.56276898,126.9767645,3.3
V02Q1940542,37.53539263,126.9444368,3.7
V02Q1940543,37.59010207,126.9446623,3.4
V02Q1940544,37.56163971,127.001153,4.2
V02Q1940545,37.5463061,127.0436415,3.8
V02Q1940546,37.56444847,127.0221103,4.4
V02Q1940547,37.47779149,126.9552974,3.1
V02Q1940548,37.49124583,126.930777,3.2
V02Q1940549,37.47563756,126.9221587,3.1
V02Q1940550,37.48634806,126.9514941,3.9
V02Q1940551,37.56877486,126.9608834,3.2
V02Q1940552,37.47639433,126.9156696,3.7
V02Q1940553,37.56082689,126.996001,4.1
V02Q1940554,37.55728601,127.0091753,3.5
V02Q1940555,37.48547764,126.9474934,3.7
V02Q1940556,37.54024156,127.0546753,3.9
V02Q1940557,37.46927712,126.9316363,3.3
V02Q1940558,37.47970435,126.9474737,3.1
V02Q1940559,37.53293663,126.9912199,3.8
V02Q1940560,37.49247703,126.9563107,3.4
V02Q1940561,37.48519319,126.918737,2.8
V02Q1940562,37.56554217,126.9910351,3.5
V02Q1940563,37.56412983,127.0314397,3.9
V02Q1940564,37.56085957,127.0085631,3.8
V02Q1940565,37.54195012,127.0536124,4
V02Q1940566,37.56723424,126.995185,3.7
V02Q1940567,37.56805562,126.9965099,3.6
V02Q1940568,37.56285073,127.0132604,4
V02Q1940569,37.56942137,126.9167554,3.7
V02Q1940570,37.55435867,127.0080426,3.9
V02Q1940571,37.54650411,126.9752365,3.7
V02Q1940572,37.52111797,126.9717905,3.7
V02Q1940573,37.56839081,127.0054393,3.3
V02Q1940574,37.53718194,126.9656951,4
V02Q1940575,37.55582287,127.0323182,4
V02Q1940576,37.57717666,126.896669,3.3
V02Q1940577,37.52364288,126.993654,3.8
V02Q1940578,37.52637263,127.0028846,3.5
V02Q1940579,37.55962932,126.8976687,3.8
V02Q1940580,37.56672984,127.0510584,3.8
V02Q1940581,37.56142506,126.9016199,3.1
V02Q1940582,37.54889736,127.0309606,3.8
V02Q1940583,37.54520551,126.9233909,3.1
V02Q1940584,37.54995512,126.9780201,3.4
V02Q1940585,37.55882313,126.946573,3.3
V02Q1940586,37.55287788,126.9009012,3.6
V02Q1940587,37.54667133,127.0621397,4
V02Q1940588,37.55818867,127.0508266,4.1
V02Q1940589,37.47647508,126.9364676,3.6
V02Q1940590,37.56072357,127.0484251,4
V02Q1940591,37.47891044,126.9492525,3.6
V02Q1940592,37.5705585,126.959673,3.7
V02Q1940593,37.54694234,126.9302491,3.1
V02Q1940594,37.54923179,127.0538775,3.8
V02Q1940595,37.53439873,126.95138,2.7
V02Q1940596,37.55904631,126.9803118,3.8
V02Q1940597,37.55619503,126.9811609,3.4
V02Q1940598,37.55172798,127.012144,4.1
V02Q1940599,37.55740456,127.0166075,4
V02Q1940600,37.52444602,126.9568426,3.4
V02Q1940601,37.56026457,127.0480146,3.9
V02Q1940602,37.55462362,126.980559,3.8
V02Q1940603,37.56336834,127.0559644,4.1
V02Q1940604,37.56783722,126.9809414,3.2
V02Q1940605,37.55443,126.9154401,4.2
V02Q1940606,37.55445921,126.9376924,2.9
V02Q1940607,37.55887111,127.0385527,3
V02Q1940608,37.55668898,126.9859042,3.7
V02Q1940609,37.55627539,126.9122386,3.9
V02Q1940610,37.55614009,126.8965844,3.4
V02Q1940611,37.54552807,126.9147568,3.7
V02Q1940612,37.57807617,126.8951928,3.3
V02Q1940613,37.55596303,126.9065546,3.4
V02Q1940614,37.53754208,126.8717674,3.9
V02Q1940615,37.55783854,127.0241481,3.8
V02Q1940616,37.56044317,127.0308353,4
V02Q1940617,37.5419721,127.0163706,4
V02Q1940618,37.55713349,126.9544033,2.9
V02Q1940619,37.54618548,126.9561104,3.8
V02Q1940620,37.56519447,126.9035134,3.2
V02Q1940621,37.54674236,126.9142464,4
V02Q1940622,37.57048042,126.8965735,3.2
V02Q1940623,37.56371986,127.039493,4
V02Q1940624,37.55458164,126.9038541,3.3
V02Q1940625,37.49069882,126.9587047,3
V02Q1940626,37.55065466,126.9211923,3.2
V02Q1940627,37.55181934,127.0673796,3.6
V02Q1940628,37.56835683,127.0405289,3.8
V02Q1940629,37.55689472,126.9615926,3.5
V02Q1940630,37.52554041,126.9650708,3.9
V02Q1940631,37.55647074,126.9485265,3.4
V02Q1940632,37.56496432,127.0344748,4
V02Q1940633,37.47051139,126.9409596,3.2
V02Q1940634,37.55406743,126.9565258,3
V02Q1940635,37.56127599,126.9033309,3.2
V02Q1940636,37.55227266,127.0230202,4.2
V02Q1940637,37.52544703,126.9688458,3.3
V02Q1940638,37.5502932,126.9103908,3
V02Q1940639,37.54960389,127.0329741,4.1
V02Q1940640,37.5639051,126.9194904,3.3
V02Q1940641,37.44671934,126.9102337,4
V02Q1940642,37.56021552,127.0643391,4.6
V02Q1940643,37.54433165,126.9129634,3.9
V02Q1940644,37.56119718,127.034603,4.3
V02Q1940645,37.46153901,126.9302475,3.5
V02Q1940646,37.54767426,126.9113269,3.6
V02Q1940647,37.54948025,126.958483,3.5
V02Q1940648,37.53229458,126.9959865,4.1
V02Q1940649,37.57616826,126.9688622,2.7
V02Q1940650,37.54668774,126.9454005,3.3
V02Q1940651,37.54623974,126.9847901,3.4
V02Q1940652,37.48370843,126.9025203,3.7
V02Q1940653,37.55310607,126.934626,3
V02Q1940654,37.54304643,126.8836212,3.5
V02Q1940655,37.58005084,126.9851462,3.7
V02Q1940656,37.47351068,126.8921347,2.8
V02Q1940657,37.48976067,126.9478324,3.3
V02Q1940658,37.48355726,126.9256695,3.9
V02Q1940659,37.53774885,126.8278791,3.6
V02Q1940660,37.48712943,126.923453,2.8
V02Q1940661,37.55231328,126.9466013,3.5
V02Q1940662,37.47572644,126.9425353,3.1
V02Q1940663,37.47474727,126.9777859,3.7
V02Q1940664,37.52035316,126.9770152,3.8
V02Q1940665,37.64068341,127.0354904,2.8
V02Q1940666,37.47047152,126.9679543,3
V02Q1940667,37.49265835,126.9269739,3.8
V02Q1940668,37.51901553,126.9805696,3.7
V02Q1940669,37.4764274,126.9801351,3.5
V02Q1940670,37.53927918,127.0498732,4.1
V02Q1940671,37.46377035,126.9256905,3
V02Q1940672,37.48797466,126.9258106,1
V02Q1940673,37.4879962,126.9182374,3.4
V02Q1940674,37.47480843,126.9652601,3.5
V02Q1940675,37.47827679,126.9395729,3.6
V02Q1940676,37.4588853,126.9225194,3.6
V02Q1940677,37.48458746,126.9070348,3.7
V02Q1940678,37.48258121,126.942046,4.2
V02Q1940679,37.49521273,127.1214388,4.4
V02Q1940680,37.48932572,126.928863,3.5
V02Q1940681,37.47559625,126.9735982,3.7
V02Q1940682,37.46188726,126.9244554,4.1
V02Q1940683,37.46211823,126.9191588,3.6
V02Q1940684,37.54021108,126.9438638,3.6
V02Q1940685,37.47839602,126.9162619,3.4
V02Q1940686,37.54135461,126.9911155,3.6
V02Q1940687,37.58117314,127.0057341,1
V02Q1940688,37.56552044,126.9148609,3.1
V02Q1940689,37.48334526,126.9377988,3.2
V02Q1940690,37.44551467,126.9041242,3.3
V02Q1940691,37.46625325,126.9307404,2.8
V02Q1940692,37.49049222,126.9414301,4
V02Q1940693,37.45606838,126.9003178,3.7
V02Q1940694,37.48024081,126.9427081,3.5
V02Q1940695,37.57191655,126.9619818,3.3
V02Q1940696,37.56471491,126.9222725,3.2
V02Q1940697,37.58756924,126.8829428,3.1
V02Q1940698,37.53462672,127.0007359,3.2
V02Q1940699,37.44999331,126.9129044,3.9
V02Q1940700,37.54026182,126.9562101,3
V02Q1940701,37.47373839,126.9176609,3
V02Q1940702,37.45335154,126.904031,3.5
V02Q1940703,37.48063434,126.9145819,3.8
V02Q1940704,37.4632734,126.9180757,3.9
V02Q1940705,37.52307169,126.848613,4.3
V02Q1940706,37.50204913,127.1171108,4.1
V02Q1940707,37.51549527,126.8608799,3.8
V02Q1940708,37.51430062,127.0914778,4.2
V02Q1940709,37.56944521,127.0446016,3.9
V02Q1940710,37.57784312,127.0156288,3.3
V02Q1940711,37.553799,126.9123651,4
V02Q1940712,37.64792279,127.011898,2
V02Q1940713,37.51618536,127.1145406,4
V02Q1940714,37.51334541,127.1068182,3.8
V02Q1940715,37.51259339,126.8376519,3.3
V02Q1940716,37.57595297,126.9581816,1
V02Q1940717,37.48539023,127.1321718,4.3
V02Q1940718,37.57389927,127.0046582,3.1
V02Q1940719,37.57446434,126.9902439,2.5
V02Q1940720,37.57443226,127.0108889,3.8
V02Q1940721,37.58608068,127.0008483,3.7
V02Q1940722,37.55482867,126.9259661,1
V02Q1940723,37.55227897,126.9235272,2.9
V02Q1940724,37.49732201,127.0513158,3.7
V02Q1940725,37.47982135,126.9023653,3.3
V02Q1940726,37.53901229,126.957917,3.4
V02Q1940727,37.60504697,127.0762879,3.9
V02Q1940728,37.54496287,126.9471,3.8
V02Q1940729,37.51306228,126.8320835,4.3
V02Q1940730,37.43993479,126.9071726,3.3
V02Q1940731,37.51797343,126.9853257,3.9
V02Q1940732,37.52665506,126.8369618,3.7
V02Q1940733,37.54818971,127.0565978,4.1
V02Q1940734,37.5183379,127.1004663,2.5
V02Q1940735,37.56840651,127.0336607,4
V02Q1940736,37.50419493,127.1281877,3
V02Q1940737,37.60542622,126.9674449,3.7
V02Q1940738,37.55137214,127.0215542,4.1
V02Q1940739,37.54976209,127.0196088,4.1
V02Q1940740,37.52706161,126.8480605,3.8
V02Q1940741,37.53575061,126.8785737,3.3
V02Q1940742,37.50104027,127.1097395,3.7
V02Q1940743,37.53641965,127.056427,4.1
V02Q1940744,37.54475143,127.0531118,3.7
V02Q1940745,37.49410576,127.1414902,4.1
V02Q1940746,37.6321897,127.021742,3.3
V02Q1940747,37.499726,126.9513962,4
V02Q1940748,37.53736986,127.0508722,4.1
V02Q1940749,37.52524025,126.8422566,4
V02Q1940750,37.52197114,126.8359083,4.2
V02Q1940751,37.4984887,126.8895025,1
V02Q1940752,37.65416617,127.0292282,1
V02Q1940753,37.54936466,127.0266557,4
V02Q1940754,37.52165976,126.8426812,3.1
V02Q1940755,37.65885611,127.0685008,1
V02Q1940756,37.50007359,126.9324381,3.8
V02Q1940757,37.49672263,127.1428573,3.6
V02Q1940758,37.56011949,127.0316064,4
V02Q1940759,37.53664596,126.8830174,3.1
V02Q1940760,37.51760243,126.8469207,3.6
V02Q1940761,37.56405244,127.0444844,3.9
V02Q1940762,37.54024511,126.8644211,4.1
V02Q1940763,37.62659207,127.0346233,3.6
V02Q1940764,37.51530106,127.1340732,3.1
V02Q1940765,37.51073166,126.8705354,3.9
V02Q1940766,37.54565284,126.8631017,3.5
V02Q1940767,37.50260385,127.0923109,3.9
V02Q1940768,37.47825069,127.1392446,3.5
V02Q1940769,37.52786532,126.8557268,3.9
V02Q1940770,37.5498763,127.1294778,3.4
V02Q1940771,37.53513426,126.8835081,3.4
V02Q1940772,37.50363119,127.1035033,3.8
V02Q1940773,37.52856046,126.8591755,3
V02Q1940774,37.53851648,126.878244,4.2
V02Q1940775,37.50580146,127.1096638,4.1
V02Q1940776,37.5396843,126.8750264,3.2
V02Q1940777,37.45887058,126.9059122,3.5
V02Q1940778,37.52259074,126.8755481,3.3
V02Q1940779,37.54495873,127.0943048,3.7
V02Q1940780,37.5646989,126.975981,1
V02Q1940781,37.50615368,127.0847562,3.9
V02Q1940782,37.54467828,126.8351042,4.2
V02Q1940783,37.6396453,127.0380532,3
V02Q1940784,37.49824776,127.1262966,3.9
V02Q1940785,37.57614571,127.0288362,1
V02Q1940786,37.54210154,127.0496713,1
V02Q1940787,37.51295504,127.0946619,3.4
V02Q1940788,37.50954786,127.0741524,4.1
V02Q1940789,37.51755161,127.0479951,1
V02Q1940790,37.51427828,127.112259,3.9
V02Q1940791,37.49638178,127.1490194,4.1
V02Q1940792,37.53842273,126.86453,3.3
V02Q1940793,37.49345737,127.146171,4.2
V02Q1940794,37.54573201,126.8677706,3.8
V02Q1940795,37.5240969,126.8372588,3.8
V02Q1940796,37.57484815,127.0199828,1
V02Q1940797,37.59737666,126.9634322,4.3
V02Q1940798,37.54503786,127.136812,2.9
V02Q1940799,37.6378168,127.038271,3.7
V02Q1940800,37.51999286,127.1122492,4
V02Q1940801,37.51402198,126.8740014,3.2
V02Q1940802,37.60528332,126.9667378,2.7
V02Q1940803,37.52303768,126.8722936,4.2
V02Q1940804,37.51386369,126.852967,3.8
V02Q1940805,37.51324732,126.8349248,4.3
V02Q1940806,37.54803199,126.8667974,3.8
V02Q1940807,37.57311562,127.020059,3.2
V02Q1940808,37.56874524,126.9687649,3.7
V02Q1940809,37.54364297,126.8813523,3.7
V02Q1940810,37.57367794,127.0132041,3
V02Q1940811,37.52727312,127.1162491,4
V02Q1940812,37.54983788,127.1104882,1
V02Q1940813,37.55461778,126.895956,1.2
V02Q1940814,37.51938461,126.8546681,3.7
V02Q1940815,37.52999155,127.0710049,4.5
V02Q1940816,37.51241208,126.9986828,1
V02Q1940817,37.5844799,126.9969232,2.6
V02Q1940818,37.57074131,127.0163741,3.5
V02Q1940819,37.50734426,127.1046886,3.9
V02Q1940820,37.51105423,127.1022618,3.8
V02Q1940821,37.50283277,127.1086949,3.8
V02Q1940822,37.57542384,126.9577806,1.3
V02Q1940823,37.63506161,127.0181629,4.2
V02Q1940824,37.58481256,126.8215868,1
V02Q1940825,37.53825651,127.1219514,2.9
V02Q1940826,37.52038424,126.878025,2.8
V02Q1940827,37.58325045,127.005815,1
V02Q1940828,37.56133205,127.0396888,4
V02Q1940829,37.53727135,126.9043173,1
V02Q1940830,37.52148869,126.9594472,1
V02Q1940831,37.56700001,127.1368127,1
V02Q1940832,37.51176831,127.1242095,3.8
V02Q1940833,37.57131077,126.8708252,4.2
V02Q1940834,37.48098219,126.971649,1
V02Q1940835,37.52115715,126.86114,3.6
V02Q1940836,37.52600465,126.9133532,4.5
V02Q1940837,37.58414084,126.9705631,3.1
V02Q1940838,37.51841537,127.0680591,1
V02Q1940839,37.57121882,126.9906086,2.1
V02Q1940840,37.58188025,126.9981525,3.7
V02Q1940841,37.57203734,127.0050414,4
V02Q1940842,37.55214248,127.0355848,4.2
V02Q1940843,37.57893651,126.9859126,3.2
V02Q1940844,37.57894032,127.0144864,1
V02Q1940845,37.48976406,127.1242858,3.7
V02Q1940846,37.63739638,127.0390037,2.9
V02Q1940847,37.48968349,127.1119082,3.9
V02Q1940848,37.57769818,127.006748,3
V02Q1940849,37.53555966,126.8328365,3.4
V02Q1940850,37.52497813,126.8974438,5.5
V02Q1940851,37.55039085,127.1282922,3.2
V02Q1940852,37.59374035,126.9497638,1.5
V02Q1940853,37.53521949,126.8398536,3.4
V02Q1940854,37.5555906,126.905533,5.7
V02Q1940855,37.52455321,126.8557892,3.4
V02Q1940856,37.5403991,127.0047736,4.1
V02Q1940857,37.58801836,126.9838569,1.2
V02Q1940858,37.48821616,126.8851381,4
V02Q1940859,37.59243151,126.9640906,1
V02Q1940860,37.5334424,127.0809633,4.3
V02Q1940861,37.50908951,126.8668465,4.2
V02Q1940862,37.48887854,126.8851157,3.5
V02Q1940863,37.51887605,126.8710894,3.1
V02Q1940864,37.52576762,126.8753744,3.4
V02Q1940865,37.54645142,126.872103,3.9
V02Q1940866,37.5580386,127.0296494,3.4
V02Q1940867,37.54502804,126.8646607,3.7
V02Q1940868,37.56051284,127.0528535,4.1
V02Q1940869,37.52535041,126.837774,4
V02Q1940870,37.53810274,127.0468807,4.1
V02Q1940871,37.57114665,127.037106,4
V02Q1940872,37.61059265,126.9329957,1
V02Q1940873,37.53247211,127.1143011,4.1
V02Q1940874,37.51933652,126.8500062,4.2
V02Q1940875,37.57852949,127.009068,3.6
V02Q1940876,37.54305082,126.8690922,3.6
V02Q1940877,37.60787019,126.9563725,2.5
V02Q1940878,37.52441417,126.9370134,5.4
V02Q1940879,37.60666796,127.0273181,2
V02Q1940880,37.45237475,126.908304,1.2
V02Q1940881,37.58027207,127.0030684,3.2
V02Q1940882,37.58489888,127.0940258,1
V02Q1940883,37.57646196,126.9655363,3.3
V02Q1940884,37.48739741,126.9271244,3.9
V02Q1940885,37.65989698,127.0685417,3.2
V02Q1940886,37.58243882,126.9821042,1.2
V02Q1940887,37.50274913,127.0925242,6.5
V02Q1940888,37.56307353,127.0819947,4.3
V02Q1940889,37.63994636,127.0360107,3.7
V02Q1940935,37.5648,126.975981,3
V02Q1940941,37.50908813,127.0840569,4.1
V02Q1940942,37.53246263,126.8330763,5.2
V02Q1940943,37.54850717,126.8646481,4.3
V02Q1940944,37.60504164,127.0754326,3.9
V02Q1940945,37.55524371,126.9069028,3.2
V02Q1940946,37.534444,126.8347904,3.9
V02Q1940947,37.4990258,126.9520123,3.8
V02Q1940948,37.47007655,126.907223,1
V02Q1940949,37.6303757,127.0226279,3.3
V02Q1940950,37.62280993,127.0749633,3.6
V02Q1940951,37.53124609,126.8361285,4
V02Q1940952,37.48870857,126.9786333,4
V02Q1940953,37.48903041,127.0678834,4.4
V02Q1940954,37.508671,127.0227914,3.7
V02Q1940955,37.50458059,126.9945012,5.7
V02Q1941006,37.5552571,126.9042671,3
V02Q1941013,37.5245308,126.855007,3
V02Q1941015,37.5420391,127.0496855,3